[
  {
    "id": "e4507677-ad60-41da-85cc-8af170294e7a",
    "data": [
      {
        "text": "not well",
        "meta": "@negativeFeelings",
        "alias": "negativefeelings",
        "userDefined": true
      }
    ],
    "isTemplate": false,
    "count": 0,
    "lang": "en",
    "updated": 0
  },
  {
    "id": "1db4cdd2-441e-43fd-bc90-03fcaaebaf47",
    "data": [
      {
        "text": "not doing",
        "meta": "@negativeFeelings",
        "alias": "negativefeelings",
        "userDefined": true
      },
      {
        "text": " fine",
        "userDefined": false
      }
    ],
    "isTemplate": false,
    "count": 0,
    "lang": "en",
    "updated": 0
  },
  {
    "id": "a24f013b-160a-4ea1-861f-0ced10b7eb39",
    "data": [
      {
        "text": "im doing ",
        "userDefined": false
      },
      {
        "text": "alright",
        "meta": "@feelings",
        "alias": "feelings",
        "userDefined": true
      }
    ],
    "isTemplate": false,
    "count": 0,
    "lang": "en",
    "updated": 0
  },
  {
    "id": "3dd6ac08-e1c8-491f-bab9-c309101525c5",
    "data": [
      {
        "text": "im feeling ",
        "userDefined": false
      },
      {
        "text": "fine",
        "meta": "@feelings",
        "alias": "feelings",
        "userDefined": false
      }
    ],
    "isTemplate": false,
    "count": 0,
    "lang": "en",
    "updated": 0
  },
  {
    "id": "9f660404-d9c3-40dd-a70f-2a71927e3ac1",
    "data": [
      {
        "text": "not bad",
        "meta": "@feelings",
        "alias": "feelings",
        "userDefined": true
      }
    ],
    "isTemplate": false,
    "count": 0,
    "lang": "en",
    "updated": 0
  },
  {
    "id": "257507d7-8607-4f3e-a3d8-c5527ac8dd77",
    "data": [
      {
        "text": "not",
        "meta": "@negativeFeelings",
        "alias": "negativefeelings",
        "userDefined": true
      },
      {
        "text": " great",
        "userDefined": false
      }
    ],
    "isTemplate": false,
    "count": 0,
    "lang": "en",
    "updated": 0
  },
  {
    "id": "c769e699-13af-4dcc-a68d-884b9c93944c",
    "data": [
      {
        "text": "good",
        "meta": "@feelings",
        "alias": "feelings",
        "userDefined": true
      }
    ],
    "isTemplate": false,
    "count": 0,
    "lang": "en",
    "updated": 0
  },
  {
    "id": "40c9d177-18f3-4ca9-bd30-251151ca8783",
    "data": [
      {
        "text": "great",
        "meta": "@feelings",
        "alias": "feelings",
        "userDefined": true
      }
    ],
    "isTemplate": false,
    "count": 0,
    "lang": "en",
    "updated": 0
  },
  {
    "id": "a5f23e37-e307-48fd-9bcc-c95a65e33ede",
    "data": [
      {
        "text": "its going really ",
        "userDefined": false
      },
      {
        "text": "miserable",
        "meta": "@negativeFeelings",
        "alias": "negativefeelings",
        "userDefined": true
      }
    ],
    "isTemplate": false,
    "count": 0,
    "lang": "en",
    "updated": 0
  },
  {
    "id": "ea186400-1c6f-42ee-a7cd-9c16781b6ba1",
    "data": [
      {
        "text": "ok",
        "meta": "@feelings",
        "alias": "feelings",
        "userDefined": false
      }
    ],
    "isTemplate": false,
    "count": 0,
    "lang": "en",
    "updated": 0
  },
  {
    "id": "35ecdd5a-a9a7-45bd-963e-ae42e043efac",
    "data": [
      {
        "text": "better",
        "meta": "@feelings",
        "alias": "feelings",
        "userDefined": false
      }
    ],
    "isTemplate": false,
    "count": 0,
    "lang": "en",
    "updated": 0
  },
  {
    "id": "107fc915-2e51-4fbb-8643-f2891843d1b4",
    "data": [
      {
        "text": "my day was ",
        "userDefined": false
      },
      {
        "text": "awful",
        "meta": "@negativeFeelings",
        "alias": "negativefeelings",
        "userDefined": false
      }
    ],
    "isTemplate": false,
    "count": 0,
    "lang": "en",
    "updated": 0
  },
  {
    "id": "6978bd36-9e7d-4946-a097-66af6da2ca7c",
    "data": [
      {
        "text": "bad",
        "meta": "@negativeFeelings",
        "alias": "negativefeelings",
        "userDefined": false
      }
    ],
    "isTemplate": false,
    "count": 0,
    "lang": "en",
    "updated": 0
  },
  {
    "id": "9a84b755-77ad-471b-a8af-ae47aa0fe45c",
    "data": [
      {
        "text": "life is ",
        "userDefined": false
      },
      {
        "text": "good",
        "meta": "@feelings",
        "alias": "feelings",
        "userDefined": false
      }
    ],
    "isTemplate": false,
    "count": 0,
    "lang": "en",
    "updated": 0
  },
  {
    "id": "788d3b01-4a9c-4dbb-b609-153f5658e2f7",
    "data": [
      {
        "text": "doing ",
        "userDefined": false
      },
      {
        "text": "good",
        "meta": "@feelings",
        "alias": "feelings",
        "userDefined": false
      }
    ],
    "isTemplate": false,
    "count": 0,
    "lang": "en",
    "updated": 0
  },
  {
    "id": "a4b3466f-42e9-4bb2-ab75-699666b6eab3",
    "data": [
      {
        "text": "bad",
        "userDefined": false
      }
    ],
    "isTemplate": false,
    "count": 8,
    "lang": "en",
    "updated": 0
  },
  {
    "id": "e4784849-9377-45e4-8a5a-c5ebcf5e4b57",
    "data": [
      {
        "text": "not ",
        "userDefined": false
      },
      {
        "text": "good",
        "meta": "@feelings",
        "alias": "feelings",
        "userDefined": false
      }
    ],
    "isTemplate": false,
    "count": 0,
    "lang": "en",
    "updated": 0
  },
  {
    "id": "97fce324-1d2d-4b95-a5a2-55aeeaf01799",
    "data": [
      {
        "text": "not so great",
        "userDefined": false
      }
    ],
    "isTemplate": false,
    "count": 1,
    "lang": "en",
    "updated": 0
  }
]